No.,Location Name,State,Region,Nearest Town,Route Type,Rig Suitability,Access Type,Water,Dump Point,Pet Friendly,Best Season,Stay Type,Why We'd Stay Again,Confidence Level,Tier,AAO Tip,Why Stop Here,Best Travel Window,Latitude,Longitude,Corridor,Road Suitability,Max Rig Length,Cost Band,Verification Status
1,Calliope River Rest Area,QLD,Central QLD Coast,Calliope / Gladstone,Coastal / Highway Corridor,All rigs including big vans,"Sealed highway access, gravel camp area",No potable water,Use Gladstone,Yes,All year (can be hot in summer),Free,Easy highway overnighter with plenty of space.,High,3,Perfect overnight stop between Rockhampton and Gladstone. Creek views and bird watching. Free camping with basic facilities.,Peaceful riverside location with walking trails and abundant birdlife. Great spot to break up the coastal drive.,Apr-Oct,-24.01,151.18,Bruce Highway,Sealed - All weather,No limit,Free,AAO Verified
2,Bluff Hotel Camp Area,QLD,Central QLD Inland,Bluff,Inland,Caravan friendly,Sealed road access,Limited – confirm locally,Nearby town,Yes (confirm),Cooler months preferred,Low-cost / Pub stay,Classic country pub stop with relaxed overnight setup.,Medium,3,"Historic pub with camping behind. Cold beer, hearty meals, and genuine outback hospitality. Popular with grey nomads.",Classic Queensland country pub experience with good food and local character. Central location for exploring the region.,May-Sep,-23.58,148.61,Capricorn Highway,Sealed - All weather,No limit,Support the pub,AAO Verified
3,Maraboon Caravan Park,QLD,Central QLD Inland,Emerald,Inland,All caravans,Sealed access,Yes (town supply),Yes,Confirm on booking,All year,Paid,Reliable reset stop near town services and Fairbairn Dam.,High,2,Lakeside caravan park with powered sites. Great fishing and water activities. Modern amenities and friendly management.,Beautiful setting on Fairbairn Dam with excellent recreational opportunities. Well-maintained facilities.,Apr-Oct,-23.53,148.16,Gregory Highway,Sealed - All weather,No limit,$30-50,AAO Verified
4,Lara Wetlands,QLD,Outback QLD,Barcaldine,Inland / Remote,Caravan friendly in dry conditions,Unsealed road (dry weather suitable),Non-potable (bring drinking water),None,Yes (confirm),April–September,Low-cost bush camp,Peaceful artesian bush camp worth extending for.,High,1,Birdwatcher's paradise with free camping. Bring binoculars! Over 200 species recorded. Best in early morning.,World-class birding location with boardwalks and hides. Spectacular sunrise views over the wetlands.,Apr-Sep,-23.48,145.32,Capricorn Highway,Unsealed - Dry weather,Check conditions,$10-20,AAO Verified
5,Wellshot Hotel Camp Area,QLD,Outback QLD,Ilfracombe,Inland,Caravan friendly,Sealed access,Limited – confirm locally,Ilfracombe town,Yes (confirm),Cooler months,Low-cost / Pub stay,"Iconic outback pub stop, ideal one-night break.",Medium,3,Remote outback pub with camping facilities. Last fuel for 180km. Stock up on supplies and enjoy the isolation.,Genuine outback experience with stunning stargazing. Friendly locals and fascinating history.,May-Sep,-23.42,144.45,Landsborough Highway,Sealed - All weather,No limit,Support the pub,AAO Verified
6,Long Waterhole (Winton Free Camp),QLD,Outback QLD,Winton,Inland,All rigs,Unsealed but generally accessible,No potable water,Winton town,Yes,April–September,Free,Spacious outback camp close to town facilities.,High,2,Popular free camp on creek system. Arrive early in peak season. Basic facilities but beautiful natural setting.,Lovely swimming hole and shaded camping spots. Close to Winton's dinosaur attractions.,May-Sep,-22.39,143.04,Landsborough Highway,Unsealed - Good condition,No limit,Free,AAO Verified
7,Walkabout Creek Hotel Camp Area,QLD,Gulf Country,McKinlay,Remote / Savannah Way,Caravan friendly,Sealed access,Limited – confirm locally,None on site,Yes (confirm),May–September,Low-cost / Pub stay,Famous outback pub stop along the Savannah Way.,Medium,3,Famous Crocodile Dundee pub location. Great atmosphere and character. Camping behind the pub with good facilities.,Iconic Australian pub experience. Well-maintained campground and excellent meals.,May-Oct,-21.26,141.27,Matilda Highway,Sealed - All weather,No limit,Support the pub,AAO Verified
8,Normanton River Camp,QLD,Gulf Country,Normanton,Remote,Caravan friendly,Flat riverbank access (check conditions in wet),No potable water,Normanton town,Yes,May–September,Free,Easy riverfront overnight close to services.,Medium,3,Free riverside camping near historic railway town. Watch for crocs! Don't swim. Great fishing for barramundi.,Peaceful river setting with easy access to town facilities. Good base for exploring Gulf Savannah.,May-Sep,-17.67,141.08,Gulf Savannah Way,Unsealed - Dry weather,Check conditions,Free,AAO Verified
9,Gulflander Caravan Park,QLD,Gulf Country,Normanton,Remote,All caravans,Sealed access,Yes,Yes,Confirm on booking,May–September,Paid,Reliable service stop while waiting for Gulf access.,High,2,Well-maintained park in Normanton. Powered sites and clean amenities. Book ahead during tourist season.,Convenient location near the famous Gulflander train. Good facilities and helpful management.,May-Sep,-17.67,141.08,Gulf Savannah Way,Sealed - All weather,No limit,$30-50,AAO Verified
10,Karumba Sunset Caravan Park,QLD,Gulf Country,Karumba,Remote,All caravans,Sealed access,Yes,Yes,Confirm on booking,May–September,Paid,Excellent sunset frontage and strong fishing base.,High,1,Prime location for famous Gulf sunsets. Waterfront sites fill quickly. Excellent fishing and crabbing nearby.,Spectacular sunset views over the Gulf. Great seafood and fishing opportunities.,May-Sep,-17.49,140.84,Gulf Savannah Way,Sealed - All weather,No limit,$30-50,AAO Verified
11,Leichhardt Lagoon Camp,QLD,Gulf Country,Burketown (route vicinity),Remote / Savannah Way,Caravan friendly,Unsealed access,No potable water,None,Yes,May–September,Free,Quiet Savannah Way stop with good space.,Medium,3,Free bush camp with lagoon views. Remote and peaceful. 4WD access recommended in wet season.,Off-the-beaten-track camping with excellent birdwatching. True outback experience.,May-Oct,-17.75,139.55,Savannah Way,Unsealed - Dry weather,Check conditions,Free,AAO Verified
12,Croydon,QLD,Gulf Country,Croydon,Remote,Caravan friendly,Sealed access,Town supply,Town facilities,Yes,May–September,Mixed (free/low-cost options),Great small outback town with character.,Medium,2,Historic gold mining town with character. Free camping available at showgrounds. Explore the mining heritage.,Fascinating history and heritage buildings. Friendly community and interesting museum.,May-Sep,-18.21,142.25,Gulf Developmental Road,Sealed - All weather,No limit,$10-20,AAO Verified
13,Georgetown,QLD,Gulf Country,Georgetown,Remote,Caravan friendly,Sealed access,Town supply,Town facilities,Yes,May–September,Paid,Ideal base for visiting Cobbold Gorge.,High,2,Charming heritage town with good facilities. Free camping at Terrestrial Centre. Interesting geological displays.,Gateway to spectacular gorges and gemstone fossicking areas. Excellent visitor information.,May-Oct,-18.29,143.55,Gulf Developmental Road,Sealed - All weather,No limit,$30-50,AAO Verified
14,Planet Earth Adventures Van Park,QLD,Gulf Country / Tablelands,Mount Surprise,Remote,Caravan friendly,Sealed access,Yes,Confirm onsite,Confirm,May–September,Paid,Convenient overnight on Savannah Way route.,Medium,3,Eco-friendly park with excellent facilities. Great for families. Pool and camp kitchen. Book ahead in peak times.,Well-designed park with modern amenities and environmental focus. Helpful owners with local knowledge.,Apr-Oct,-18.15,144.32,Gulf Developmental Road,Sealed - All weather,No limit,$30-50,AAO Verified
15,Pinnarendi Station Stay,QLD,Tablelands,Mount Surprise,Inland / Rural,Caravan friendly,Unsealed access (dry conditions),Limited – confirm,None,Yes (confirm),May–September,Station stay,Scenic station stay with great café and atmosphere.,High,1,Working cattle station accommodation. Authentic outback experience. Tours available. Book in advance essential.,Unique opportunity to experience station life. Beautiful landscapes and genuine hospitality.,May-Oct,-18.08,144.7,Savannah Way,Unsealed - Dry weather,Check conditions,$20-30,AAO Verified
16,Mareeba Bush Stays,QLD,Atherton Tablelands,Mareeba,Inland,Caravan friendly,Varies by property,Varies,Mareeba town,Often yes (confirm per stay),All year (cooler in winter),Mixed bush stays,Excellent base for exploring the Tablelands and prepping for Cape York.,High,2,Private bush camping near Mareeba. Peaceful rural setting. Good access to Atherton Tablelands attractions.,Quiet retreat with natural bushland setting. Close to wetlands and waterfalls.,Apr-Nov,-17,145.42,Kennedy Highway,Varies by property,Check conditions,$20-30,AAO Verified
17,Hann River Roadhouse,QLD,Cape York Peninsula,Laura (route corridor),Remote / Cape York,Caravan friendly in dry season,Unsealed (seasonal – dry only),Limited – confirm onsite,None,Confirm,May–September,Roadhouse / Paid,Reliable Cape York staging stop before pushing further north.,High,2,"If you're driving through at meal times, don't miss the battered barramundi and chips. It's legendary! Also a great spot to top up fuel and grab supplies.","Fuel, food, cold drinks, camping, and a taste of real outback hospitality on the road to the tip.",May to September,-15.77,144.28,Peninsula Developmental Road,Unsealed - Dry season only,Check conditions,$30-50,AAO Verified
18,Archer River Roadhouse,QLD,Cape York Peninsula,Coen (route corridor),Remote / Cape York,Caravan friendly in dry season,Unsealed (dry season access),Limited – confirm onsite,None,Confirm,May–September,Roadhouse / Paid,Key fuel and rest stop on the Peninsula Development Road.,High,2,The homemade pies here are famous along the PDR (Peninsula Developmental Road). Grab one for the road!,"Essential fuel stop, camping facilities, and excellent food on your way to Cape York's northern tip.",May to September,-13.43,142.95,Peninsula Developmental Road,Unsealed - Dry season only,Check conditions,$30-50,AAO Verified
19,Bramwell Station,QLD,Cape York Peninsula,Bramwell Junction,Remote / Cape York,Caravan friendly (main access road),Unsealed (dry season suitable),Limited – confirm onsite,None,Confirm,May–September,Station stay,Classic Cape York stop with strong outback atmosphere.,High,1,Book the Bramwell Station crossing experience if you want a real 4WD challenge. The Bramwell River crossing is iconic!,"Historic cattle station offering camping, the famous Bramwell River crossing, and authentic Cape York hospitality.",May to September,-12.13,142.65,Peninsula Developmental Road,Unsealed - Dry season only,Check conditions,$20-30,AAO Verified
20,Loyalty Beach Campground,QLD,Cape York Peninsula,Seisia,Remote / Coastal,Caravan friendly,Sealed final stretch,Yes,Yes (nearby facilities),Confirm,May–September,Paid,Waterfront camping near the Tip with consistent fishing and sunsets.,High,1,Arrive early in peak season—this beachfront spot fills up fast. The sunsets here are absolutely stunning.,Remote beachfront camping on the Gulf of Carpentaria with incredible sunsets and pristine fishing.,May to September,-10.85,142.38,Cape York,Sealed final stretch,Check conditions,$30-50,AAO Verified
21,Weipa (Caravan Park / Camp Area),QLD,Cape York Peninsula,Weipa,Remote,All caravans,Sealed town access,Yes,Yes,Confirm per park,May–September,Paid,Comfortable service reset stop in remote Cape region.,High,2,Don't miss the sunset at Nanum Beach or fishing at Rocky Point. Both are Weipa highlights!,"Major town with full facilities, beautiful beaches, excellent fishing, and a great base for exploring western Cape York.",May to October,-12.62,141.87,Peninsula Developmental Road,Sealed - All weather,No limit,$30-50,AAO Verified
22,Musgrave Roadhouse,QLD,Cape York Peninsula,Musgrave,Remote / Cape York,Caravan friendly in dry season,Unsealed (dry season access),Limited – confirm onsite,None,Confirm,May–September,Roadhouse / Paid,Practical overnight stop when staging Cape York drives.,High,2,This is your last reliable fuel stop before heading to the northern tip. Fill up here!,"Final major fuel and supply stop on the journey north, with camping and basic provisions.",May to September,-14.87,143.5,Peninsula Developmental Road,Unsealed - Dry season only,Check conditions,$30-50,AAO Verified
23,Cooktown Orchid Travellers Park,QLD,Far North QLD Coast,Cooktown,Coastal / Remote,All caravans,Sealed access,Yes,Yes,Confirm on booking,May–October,Paid,Comfortable base to explore Cooktown and historic sites.,High,2,Walk to town to explore Cooktown's rich history—visit the James Cook Museum and grab a meal at one of the waterfront pubs.,"Convenient base to explore historic Cooktown, with clean facilities and easy access to town attractions.",May to October,-15.47,145.25,Mulligan Highway,Sealed - All weather,No limit,$30-50,AAO Verified
24,Creek's Edge Park,QLD,Atherton Tablelands,Herberton,Inland / Tablelands,Caravan friendly,Sealed access,Yes,Confirm onsite,Confirm,All year (cooler climate),Paid,Peaceful creekside base for exploring the Tablelands.,High,2,The adjacent walking trails are beautiful—take a morning stroll before hitting the road.,Peaceful creekside setting with well-maintained facilities and close proximity to natural walking trails.,April to October,-17.38,145.38,Atherton Tablelands,Sealed - All weather,No limit,$30-50,AAO Verified
25,Daintree Siesta,QLD,Daintree / Cape Tribulation,Daintree Village,Coastal / Tropical,Caravan friendly (check size limits),Sealed access via ferry crossing,Yes,Confirm onsite,Confirm,May–October,Paid,Lush rainforest setting ideal for extended tropical stay.,High,1,Book a crocodile spotting cruise on the Daintree River—it's an unforgettable experience and easily arranged from here.,"Immersed in World Heritage rainforest, ideal for exploring the Daintree and spotting unique wildlife.",May to October,-16.25,145.42,Captain Cook Highway,Sealed via ferry,Check size limits,$30-50,AAO Verified
26,Ringer's Rest,QLD,Gulf Country / Remote,Einasleigh (route corridor),Remote,Caravan friendly in dry season,Unsealed (dry access preferred),Limited – confirm,None,Confirm,May–September,Station stay,Authentic bush camp experience in remote QLD.,Medium,3,The on-site café serves great coffee and meals. Perfect spot to relax and enjoy the tropical surroundings.,"Relaxed tropical setting with excellent facilities, a friendly café, and easy access to Mission Beach.",April to November,-18.52,144.08,Gulf Developmental Road,Unsealed - Dry weather,Check conditions,$20-30,AAO Verified
27,Bramston Beach Camp Area,QLD,Far North QLD Coast,Bramston Beach,Coastal,Caravan friendly,Sealed access,Limited – confirm,Nearby town facilities,Confirm,May–October,Low-cost / Council camp,Quiet beachfront stay away from major tourist traffic.,High,2,This is one of the quieter beaches in the area—perfect if you want to escape the crowds and enjoy nature.,Quiet beachfront camping with stunning ocean views and direct beach access.,April to November,-17.37,146.02,Bruce Highway,Sealed - All weather,No limit,$10-20,AAO Verified
28,Flying Fish Point Camp Area,QLD,Far North QLD Coast,Innisfail,Coastal,Caravan friendly,Sealed access,Limited – confirm,Innisfail town,Confirm,May–October,Low-cost,Relaxed coastal camp close to town services.,Medium,3,Early morning walks along the beach are magical here. Watch for sea turtles during nesting season!,"Beachside camping in a picturesque location, popular with fishers and beach lovers.",April to November,-17.52,146.08,Bruce Highway,Sealed - All weather,No limit,$10-20,AAO Verified
29,Paronella Park Campground,QLD,Far North QLD Inland,Mena Creek,Inland,Caravan friendly,Sealed access,Yes,Confirm onsite,Confirm,May–October,Paid,Unique heritage site with rainforest surrounds.,High,2,Don't miss the evening tour of Paronella Park castle ruins—it's included with camping and absolutely enchanting at night.,"Unique camping experience within the grounds of the historic Paronella Park, offering tours and beautiful rainforest surroundings.",April to October,-17.63,145.98,Bruce Highway,Sealed - All weather,No limit,$30-50,AAO Verified
30,Dunk Island View Caravan Park (Wongaling Beach),QLD,Cassowary Coast,Wongaling Beach,Coastal,All caravans,Sealed access,Yes,Yes,Confirm on booking,May–October,Paid,Excellent coastal base with island views and beach access.,High,1,Catch the ferry to Dunk Island for a day trip—it's a short ride and the island is stunning.,"Beautiful beachfront location with views of Dunk Island, close to Mission Beach and island day trips.",April to November,-17.87,146.1,Bruce Highway,Sealed - All weather,No limit,$30-50,AAO Verified
31,Coral Coast Tourist Park,QLD,North QLD Coast,Townsville,Coastal,All caravans,Sealed access,Yes,Yes,Confirm on booking,May–October,Paid,Reliable service stop before pushing further north or inland.,High,2,It's close to The Strand—take an evening walk or bike ride along Townsville's beautiful waterfront.,Well-located park in Townsville with excellent facilities and easy access to the city's attractions.,April to November,-19.25,146.8,Bruce Highway,Sealed - All weather,No limit,$30-50,AAO Verified
32,Wangaratta Beachfront Caravan Park,QLD,Whitsundays / Bowen,Bowen,Coastal,All caravans,Sealed access,Yes,Yes,Confirm on booking,April–October,Paid,Absolute beachfront position with relaxed Bowen vibe.,High,1,Book ahead for beachfront sites - they're popular with repeat visitors who appreciate the direct beach access and relaxed atmosphere.,A hidden gem on Horseshoe Bay offering pristine beachfront camping with crystal-clear waters perfect for swimming and snorkeling.,May to October,-20.02,148.25,Bruce Highway,Sealed - All weather,No limit,$30-50,AAO Verified
33,Hydeaway Bay Caravan Park,QLD,Whitsundays,Hydeaway Bay,Coastal,Caravan friendly,Sealed access,Yes,Confirm onsite,Confirm,April–October,Paid,Quiet coastal alternative to busy Airlie Beach.,High,2,Request a waterfront site for stunning sunrise views and easy beach access - it's worth the premium.,"Secluded coastal paradise between Bowen and Airlie Beach, offering peaceful beachfront sites away from tourist crowds.",April to November,-20.08,148.48,Bruce Highway,Sealed - All weather,No limit,$30-50,AAO Verified
34,Tasman Holiday Parks Airlie Beach,QLD,Whitsundays,Airlie Beach,Coastal,All caravans,Sealed access,Yes,Yes,Confirm on booking,April–October,Paid,Comfortable base for Whitsunday Island access and marina trips.,High,2,Book well in advance during peak season (June-August) as this is one of the few caravan parks with direct town access.,"Prime location in the heart of Airlie Beach, walking distance to shops, restaurants, and Whitsundays tour departure points.",May to October,-20.27,148.72,Bruce Highway,Sealed - All weather,No limit,$40-60,AAO Verified
35,Lake Proserpine (Peter Faust Dam),QLD,Whitsundays Inland,Proserpine,Inland,Caravan friendly,Sealed access,Limited potable supply – confirm,Limited – confirm locally,Yes,April–September,Low-cost / Dam camping,Quiet inland reset stop away from coastal crowds.,High,2,Bring your fishing gear and arrive early on weekends to secure a lakeside spot - this free camp fills quickly during barramundi season.,"Excellent free camping beside Queensland's best barramundi fishing lake, with boat ramps and scenic water views.",April to September,-20.42,148.48,Bruce Highway,Sealed - All weather,No limit,$10-20,AAO Verified
36,Cape Hillsborough Nature Tourist Park,QLD,Mackay Coast,Cape Hillsborough,Coastal,Caravan friendly (check size limits),Sealed but narrow coastal road,Yes,Yes,No (national park proximity – confirm),April–October,Paid,Iconic sunrise kangaroo beach experience.,High,1,"Set your alarm for sunrise beach walk - wallabies and kangaroos regularly feed on the beach at dawn, creating unforgettable photo opportunities.","Unique opportunity to see kangaroos on the beach at sunrise, surrounded by pristine national park scenery and walking trails.",May to October,-20.9,149.03,Bruce Highway,Sealed - Narrow sections,Check size limits,$30-50,AAO Verified
37,Blacks Beach Tourist Park,QLD,Mackay Coast,Mackay,Coastal,All caravans,Sealed access,Yes,Yes,Confirm on booking,All year,Paid,Practical Mackay base close to town services.,High,2,"Choose sites away from the road for quieter stays, and take advantage of the excellent fishing from the nearby beach and rocks.","Affordable beachside camping just north of Mackay, perfect for fishing, swimming, and accessing the Great Barrier Reef.",April to November,-21.07,149.15,Bruce Highway,Sealed - All weather,No limit,$30-50,AAO Verified
38,Notch Point Free Camp,QLD,Mackay / Sarina Coast,Sarina,Coastal,Caravan friendly (check access track conditions),Unsealed access track,No potable water,Sarina,Yes,April–October,Free,Scenic beachfront free camp with space and ocean views.,Medium,1,Arrive early afternoon to secure the best cliff-top positions with panoramic ocean views - this popular spot fills by sunset.,"Spectacular free clifftop camping with 180-degree ocean views, whale watching during migration season, and incredible sunrises.",May to October,-21.43,149.28,Bruce Highway,Unsealed - Check track,Check conditions,Free,AAO Verified
39,Yeppoon Kinka Beach,QLD,Capricorn Coast,Yeppoon,Coastal,All caravans,Sealed access,Yes,Yes,Confirm per park,All year,Paid / Mixed,Strong coastal base for extended stay and island access.,High,1,Book beachfront powered sites early - they offer direct access to one of Queensland's best swimming beaches and the foreshore walkway.,"Beautiful beachfront location on Queensland's Capricorn Coast with safe swimming, nearby Great Keppel Island ferries, and excellent cafes.",April to November,-23.13,150.75,Bruce Highway,Sealed - All weather,No limit,$30-50,AAO Verified
40,Alkoomie Station,QLD,Central QLD Inland,Duaringa (route corridor),Inland,Caravan friendly (dry conditions),Unsealed rural access,Limited – confirm,None,Confirm,April–September,Station stay,Quiet inland bush experience off the main highway.,Medium,3,Don't miss the sunset over the surrounding hills - grab a drink and head to the elevated viewing area for spectacular outback colors.,"Working cattle station offering authentic outback experience with station tours, abundant wildlife, and genuine bush hospitality.",March to November,-23.72,149.67,Capricorn Highway,Unsealed - Dry weather,Check conditions,$20-30,AAO Verified
41,Green Acres Motel & Van Park,QLD,Gladstone Coast,Tannum Sands,Coastal,All caravans,Sealed access,Yes,Yes,Confirm on booking,All year,Paid,Easy coastal stop near Gladstone and Tannum Sands without big crowds.,High,4,Walk to Tannum Beach (10 mins) at low tide for the best shell collecting on the Central Queensland coast.,"Well-maintained park near Tannum Sands beach, perfect base for exploring Gladstone's waterways, fishing, and island camping.",April to October,-23.95,151.37,Bruce Highway,Sealed - All weather,No limit,$30-50,AAO Verified
42,Rocky Point Retreat,QLD,Bundaberg Region,Woodgate / Bundaberg corridor,Coastal / Rural,Caravan friendly,Unsealed final approach,Limited – confirm,Yes,Confirm,April–October,Low-cost / Retreat style,Peaceful bush setting on water but away from traffic.,Medium,3,"Book the cabin sites for the best water views, and bring binoculars for dolphin watching - they're frequently spotted from the camp.","Peaceful waterfront retreat on the Burnett River with excellent fishing, crabbing, and boat ramp access to pristine waterways.",March to November,-24.78,152.33,Bruce Highway,Unsealed final approach,Check conditions,$20-30,AAO Verified
43,Moore Park Beach Caravan Park,QLD,Bundaberg Coast,Moore Park Beach,Coastal,All caravans,Sealed access,Yes,Yes,Confirm on booking,All year,Paid,Relaxed beachfront base with space and easy access.,High,2,"Visit during turtle nesting season (November-March) for ranger-guided walks, or enjoy the uncrowded beach and great fishing year-round.","Quiet beachside park on unspoiled coastline, famous for turtle nesting season and excellent beach fishing for tailor and whiting.",April to October,-24.72,152.22,Bruce Highway,Sealed - All weather,No limit,$30-50,AAO Verified
44,Lake Monduran Camp Area,QLD,Bundaberg Inland,Gin Gin,Inland,Caravan friendly,Sealed access,Limited potable – confirm,Nearby facilities,Yes,April–September,Low-cost / Dam camping,Quiet inland fishing base away from coastal congestion.,High,2,"Arrive midweek for the best lakeside camping spots, and book a fishing guide if you're serious about landing a barramundi.","Premier barramundi fishing destination with basic camping facilities on the water's edge, perfect for keen anglers seeking trophy catches.",April to September,-24.87,151.92,Bruce Highway,Sealed - All weather,No limit,$10-20,AAO Verified
45,Iron Ridge Campground (Childers),QLD,Bundaberg Region,Childers,Inland,Caravan friendly,Unsealed rural access,Limited – confirm,Childers town,Confirm,April–October,Low-cost / Farm style,Relaxed bush setting close to town services.,Medium,3,"Purchase your firewood bundle at check-in - campfires are a highlight here, and nothing beats sitting around the fire under the stars.","Picturesque bush camping with powered sites, clean facilities, and a peaceful rural setting perfect for unwinding between coastal adventures.",April to October,-25.23,152.28,Bruce Highway,Unsealed rural access,Check conditions,$10-20,AAO Verified
46,Kenilworth Showgrounds,QLD,Sunshine Coast Hinterland,Kenilworth,Inland / Hinterland,Caravan friendly (large rigs suitable),Sealed access,Yes (confirm potable status onsite),Kenilworth town,Yes (confirm conditions),All year (cooler winter ideal),Low-cost / Showgrounds,Excellent hinterland base with space and easy town access.,High,2,Perfect spot for exploring the hinterland villages and enjoying tranquil rural camping.,Basic facilities in a charming country town with easy access to hiking trails and local cheese factory.,Apr-Oct,-26.58,152.73,Bruce Highway,Sealed - All weather,No limit,$10-20,AAO Verified
47,Bluff Creek Campground,QLD,Scenic Rim,Kenilworth / Montville corridor,Inland / Rural,Caravan friendly (check size + weather conditions),Unsealed rural access,Limited – confirm,Nearby town facilities,Confirm,April–October (dry preferred),Low-cost / Farm-style,Quiet bush setting for extended hinterland reset.,Medium,3,Remote bush camping experience with creek swimming and peaceful natural surroundings.,Off-the-beaten-path location ideal for nature lovers seeking solitude and wildlife encounters.,May-Sep,-26.65,152.68,Bruce Highway,Unsealed rural access,Check conditions,$10-20,AAO Verified
48,Hidden Valley (Yandina Area),QLD,Sunshine Coast Hinterland,Yandina,Inland,Caravan friendly,Sealed access,Limited – confirm,Yandina town,Confirm,All year,Low-cost / Private camp,Peaceful hinterland base close to Sunshine Coast services.,Medium,3,Secluded camping near Sunshine Coast attractions with beautiful valley views.,"Quiet retreat close to beaches, markets, and the famous Ginger Factory.",Apr-Oct,-26.57,152.95,Bruce Highway,Sealed - All weather,Check conditions,$10-20,AAO Verified
49,Tallebudgera Creek Tourist Park,QLD,Gold Coast,Tallebudgera,Coastal,All caravans,Sealed access,Yes,Yes,No (council park restrictions – confirm at time of booking),All year,Paid,Premium creekside Gold Coast location with strong facilities.,High,1,Family-friendly park with calm creek perfect for kayaking and stand-up paddleboarding.,"Safe swimming for kids, beachside location, and excellent facilities for extended stays.",Year-round,-28.12,153.45,Pacific Highway,Sealed - All weather,No limit,$40-60,AAO Verified
50,Iluka Riverside Tourist Park,NSW,Northern Rivers,Iluka,Coastal,All caravans,Sealed access,Yes,Yes,Confirm on booking,All year (excellent winter option),Paid,Strong coastal-river position with relaxed vibe and good facilities.,High,2,Powered sites with excellent facilities on the Clarence River. Pet-friendly with dedicated dog park. Book ahead during holidays.,"River views, excellent amenities, dog-friendly",Year-round,-29.4,153.36,Pacific Highway,Sealed - All weather,No limit,$30-50,AAO Verified
51,Urunga Waters Tourist Park,NSW,Mid North Coast,Urunga,Coastal,All caravans,Sealed access,Yes,Yes,Confirm on booking,All year,Paid,Excellent waterfront positioning near the boardwalk and river mouth.,High,2,River and beach access with modern facilities. Great fishing spot. Popular with families and retirees.,"Dual river/beach access, fishing, family-friendly",Year-round,-30.5,152.97,Pacific Highway,Sealed - All weather,No limit,$30-50,AAO Verified
52,Bulahdelah Golf Club Camping,NSW,Mid North Coast,Bulahdelah,Inland / Highway corridor,Caravan friendly,Sealed access,Limited – confirm onsite,Bulahdelah town,Confirm,All year,Low-cost / Club style,Practical overnight stop on the Pacific Highway corridor.,Medium,3,Budget-friendly camping at golf club with basic facilities. Peaceful rural setting. BYO everything.,"Affordable, quiet, golf course views",Year-round,-32.41,152.21,Pacific Highway,Sealed - All weather,No limit,$10-20,AAO Verified
53,Morisset Showground,NSW,Lake Macquarie,Morisset,Inland / Coastal corridor,Caravan friendly (large rigs suitable),Sealed access,Yes (confirm potable status),Nearby town facilities,Yes (confirm conditions),All year,Low-cost / Showgrounds,Convenient staging stop near Lake Macquarie and Newcastle corridor.,Medium,3,Affordable showground camping with power and water. Close to Lake Macquarie. Basic but functional amenities.,"Budget-friendly, lake proximity, basic facilities",Year-round,-33.11,151.54,Pacific Highway,Sealed - All weather,No limit,$10-20,AAO Verified
54,Werri Beach Holiday Park,NSW,South Coast,Gerringong,Coastal,All caravans,Sealed access,Yes,Yes,Confirm on booking (restrictions often apply),September–May (coastal prime season),Paid,Premium beachfront South Coast location with strong amenities.,High,1,Beachfront park with direct surf beach access. Well-maintained facilities. Popular with surfers and families.,"Surf beach access, excellent facilities, family-friendly",Year-round,-34.75,150.83,Princes Highway,Sealed - All weather,No limit,$40-60,AAO Verified
55,Merimbula Tourist Holiday Park,NSW,Sapphire Coast,Merimbula,Coastal,All caravans,Sealed access,Yes,Yes,Confirm on booking,September–May (mild winter also good),Paid,Comfortable long-stay coastal base with access to beaches and town.,High,2,Central location near town and beaches. Full facilities including camp kitchen. Great base for exploring Sapphire Coast.,"Central location, full amenities, coastal access",Year-round,-36.89,149.91,Princes Highway,Sealed - All weather,No limit,$30-50,AAO Verified
56,Rosedale Recreation Reserve Free Camp,VIC,Gippsland,Rosedale,Inland / Highway corridor,Caravan friendly,Sealed access,Limited – confirm onsite,Nearby town facilities,Yes (confirm local rules),All year,Free,Practical overnight stop in Gippsland corridor with easy highway access.,Medium,3,"Free 48-hour camp with basic facilities (toilets, water). Quiet rural town setting. Perfect overnight stop between Melbourne and Gippsland.","Free camping, convenient stopover, basic amenities",Year-round,-38.15,146.78,Princes Highway,Sealed - All weather,No limit,Free,AAO Verified
57,Old Man Emu Bush Camp (Halls Gap Area),VIC,Grampians,Halls Gap,Inland / National Park region,Caravan friendly (check size and access),"Sealed to area, possible unsealed internal roads",Limited – confirm onsite,Halls Gap town,Confirm (Grampians has restrictions in some areas),September–May (spring ideal for wildflowers),Low-cost / Private bush camp,Excellent Grampians base with relaxed bush setting close to key walks.,High,2,"Rustic bush camping near Grampians. Basic facilities but stunning natural setting. Book ahead, limited sites.","Grampians proximity, bush setting, nature experience",Spring-Autumn,-37.13,142.52,Western Highway,Sealed - All weather,Check conditions,$20-30,AAO Verified
58,Goroke Recreation Reserve Free Camp,VIC,Wimmera,Goroke,Inland / Western VIC corridor,Caravan friendly,Sealed access,Limited – confirm onsite,Goroke town,Yes (confirm local rules),All year,Free,Quiet inland staging stop before crossing into SA or heading north.,Medium,3,"Free camping in western Victoria. Basic facilities (toilets, water). Peaceful small town atmosphere. 48-hour limit.","Free camping, quiet town, western Victoria stopover",Year-round,-36.73,141.47,Western Highway,Sealed - All weather,No limit,Free,AAO Verified
59,Port MacDonnell Foreshore / CP Area,SA,Limestone Coast,Port MacDonnell,Coastal,All caravans,Sealed access,Yes (confirm potable),Yes,Confirm per park,September–April (coastal prime),Paid,Relaxed coastal base near southernmost SA tip with fishing appeal.,High,2,Quiet seaside town known for its fishing fleet and southern ocean views.,Great coastal base to explore the Limestone Coast and nearby Cape Northumberland.,Oct–Apr,-38.05,140.7,Princes Highway,Sealed - All weather,No limit,$30-50,AAO Verified
60,Beachport (Foreshore / CP Area),SA,Limestone Coast,Beachport,Coastal,Caravan friendly,Sealed access,Yes,Yes,Confirm per park,September–April,Paid,Classic SA coastal stop with long jetty and calm waters.,High,2,Beautiful coastal town famous for its long historic jetty and relaxed vibe.,"Perfect stop for fishing, coastal walks and exploring the Limestone Coast.",Oct–Apr,-37.48,140.02,Princes Highway,Sealed - All weather,No limit,$30-50,AAO Verified
61,Robe Lakeside Tourist Park,SA,Limestone Coast,Robe,Coastal,All caravans,Sealed access,Yes,Yes,Confirm on booking,September–April,Paid,Strong long-stay coastal base with access to town and 4WD beaches.,High,2,"Peaceful caravan park beside Lake Fellmongery, just minutes from Robe's waterfront.",Great base for exploring Robe's historic harbour and coastal scenery.,Oct–Apr,-37.17,139.75,Princes Highway,Sealed - All weather,No limit,$30-50,AAO Verified
62,Tailem Bend (Riverside / CP Area),SA,Murraylands,Tailem Bend,Inland / River corridor,Caravan friendly,Sealed access,Yes,Yes,Confirm per park,All year,Paid,Easy river stop en route to Adelaide or heading inland.,Medium,3,Murray River town with easy caravan access and plenty of space to stop.,Convenient base for exploring the Murraylands and nearby river towns.,Mar–Nov,-35.27,139.43,Princes Highway,Sealed - All weather,No limit,$30-50,AAO Verified
63,Mount Barker Caravan & Tourist Park,SA,Adelaide Hills,Mount Barker,Inland / Hills,All caravans,Sealed access,Yes,Yes,Confirm on booking,All year (cooler in winter),Paid,Good service base before heading into wine regions or Adelaide.,High,2,Well located park in the Adelaide Hills with easy access to wineries and food regions.,Great base for exploring the Adelaide Hills and nearby Barossa Valley.,Mar–Nov,-35.07,138.85,Princes Highway,Sealed - All weather,No limit,$30-50,AAO Verified
64,Kapunda Tourist Park,SA,Barossa / Mid-North,Kapunda,Inland,All caravans,Sealed access,Yes,Yes,Confirm on booking,All year,Paid,Strong long-stay base for Barossa exploration without premium pricing.,High,2,Quiet park in one of Australia's historic copper mining towns.,Good base for exploring the Barossa and surrounding heritage towns.,Mar–Nov,-34.33,138.92,Barrier Highway,Sealed - All weather,No limit,$30-50,AAO Verified
65,Crystal Brook Caravan Park,SA,Mid-North,Crystal Brook,Inland,Caravan friendly,Sealed access,Yes,Yes,Confirm,All year,Paid,Practical inland staging stop before pushing north.,Medium,3,Small country park with views toward the southern Flinders Ranges.,Handy stop between the Barossa region and the Flinders Ranges.,Apr–Oct,-33.35,138.22,Port Wakefield Road,Sealed - All weather,No limit,$30-50,AAO Verified
66,Port Augusta (CP Area),SA,Upper Spencer Gulf,Port Augusta,Inland / Highway junction,All caravans,Sealed access,Yes,Yes,Confirm per park,April–October (avoid peak summer heat),Paid,"Major crossroad hub before Nullarbor, Flinders or Stuart Highway.",High,1,Major crossroads town known as the gateway to the Outback.,Ideal base before heading north into the Flinders Ranges or across the Eyre Peninsula.,Apr–Oct,-32.49,137.78,Stuart Highway,Sealed - All weather,No limit,$30-50,AAO Verified
67,Woomera Caravan Park,SA,Far North SA,Woomera,Remote / Inland,Caravan friendly,Sealed access,Yes,Yes,Confirm,April–September,Paid,Reliable inland stop with facilities before deeper remote travel.,High,2,Outback caravan park in the historic rocket testing town.,Interesting stop for the Woomera Rocket Park and local history.,Apr–Oct,-31.18,136.82,Stuart Highway,Sealed - All weather,No limit,$30-50,AAO Verified
68,Tom Cat Hill Caravan Park,SA,Far North SA,Coober Pedy,Remote / Outback,All caravans,Sealed access,Yes,Yes,Confirm on booking,April–September,Paid,Comfortable base to explore Coober Pedy and break desert runs.,High,1,Well set up campground inside the Ayers Rock Resort area with full facilities.,"Best base for visiting Uluru, Kata Tjuta and the surrounding national park.",May–Sep,-29.02,134.75,Stuart Highway,Sealed - All weather,No limit,$30-50,AAO Verified
69,Agnes Creek Rest Area,SA,Far North SA,Glendambo corridor,Remote / Highway corridor,Caravan friendly,Sealed access,No potable water,None,Yes,April–September,Free / Rest area,Practical overnight stop when breaking long inland drives.,Medium,3,Convenient park located near the entrance to Watarrka National Park.,Ideal base to do the Kings Canyon Rim Walk and explore the canyon.,May–Sep,-32.93,138.08,Port Wakefield Road,Sealed - All weather,No limit,Free,AAO Verified
70,Ayers Rock Campground (Yulara),NT,Red Centre,Yulara,Remote / Iconic,All caravans,Sealed access,Yes,Yes,No (national park restrictions apply),April–September,Paid,Reliable base for Uluru–Kata Tjuta with strong facilities.,High,1,Large well-equipped park close to town with plenty of facilities.,Good base to explore Alice Springs and the West MacDonnell Ranges.,Apr–Oct,-25.24,130.99,Stuart Highway,Sealed - All weather,No limit,$40-60,AAO Verified
71,Kings Canyon Caravan Park,NT,Red Centre,Kings Canyon,Remote,Caravan friendly,Sealed via main access route,Yes,Yes,Confirm,April–September,Paid,Essential staging base for Rim Walk and Red Centre loop.,High,1,Unique overnight stop surrounded by giant balancing granite boulders.,Iconic outback landscape and a great halfway stop between Alice Springs and Tennant Creek.,Apr–Oct,-24.27,131.48,Stuart Highway,Sealed - All weather,No limit,$40-60,AAO Verified
72,Discovery Parks Alice Springs,NT,Red Centre,Alice Springs,Inland,All caravans,Sealed access,Yes,Yes,Confirm,April–September,Paid,Strong long-stay service reset base in central Australia.,High,1,Legendary outback pub stop full of character and traveller memorabilia.,"Fun overnight stop with meals, live music and classic outback atmosphere.",Apr–Oct,-23.7,133.88,Stuart Highway,Sealed - All weather,No limit,$40-60,AAO Verified
73,Devils Marbles (Karlu Karlu Camp Area),NT,Barkly,Wauchope corridor,Remote / Highway corridor,Caravan friendly,Sealed access,Limited – confirm,None,Yes,April–September,Low-cost / National park,Iconic overnight stop breaking the Stuart Highway run.,High,2,Crystal-clear thermal spring where you can float along the palm-lined creek.,One of the most relaxing natural swims in the Northern Territory.,Apr–Oct,-20.57,134.27,Stuart Highway,Unsealed camp area,Check conditions,$10-20,AAO Verified
74,Daly Waters Pub Campground,NT,Barkly / Highway corridor,Daly Waters,Remote / Highway corridor,Caravan friendly,Sealed access,Yes,Limited – confirm,Yes,April–September,Paid,Classic Territory stop with character and reliable facilities.,High,2,,,,-16.25,133.37,Stuart Highway,Sealed - All weather,No limit,$20-30,AAO Verified
75,Bitter Springs Caravan Park (Mataranka),NT,Roper / Katherine region,Mataranka,Inland,Caravan friendly,Sealed access,Yes,Yes,Confirm,May–September,Paid,Easy access to thermal springs with strong facilities.,High,1,Well-located park in Jabiru with good facilities for exploring Kakadu.,"Convenient base for Kakadu waterfalls, wetlands and wildlife.",May–Sep,-14.92,133.07,Stuart Highway,Sealed - All weather,No limit,$30-50,AAO Verified
76,Manbulloo Homestead Caravan Park,NT,Katherine,Katherine,Inland,All caravans,Sealed access,Yes,Yes,Confirm,May–September,Paid,"Comfortable, quiet base close to Katherine Gorge region.",High,2,Relaxed tropical park not far from Berry Springs Nature Park.,Good base between Darwin and Litchfield National Park.,May–Sep,-14.47,132.27,Stuart Highway,Sealed - All weather,No limit,$30-50,AAO Verified
77,Kakadu Lodge Caravan & Camping Park,NT,Kakadu,Jabiru,National Park region,All caravans,Sealed access,Yes,Yes,No (national park restrictions),May–September,Paid,Strong central base for Kakadu highlights.,High,1,Popular Darwin park close to the beach and coastal walking tracks.,Great base for exploring Darwin and surrounding Top End attractions.,May–Sep,-12.67,132.83,Arnhem Highway,Sealed - All weather,No limit,$40-60,AAO Verified
78,AAOK Lakes Resort & Caravan Park (Berry Springs),NT,Darwin rural,Berry Springs,Coastal / Top End,All caravans,Sealed access,Yes,Yes,Confirm,May–September,Paid,Good rural Darwin base away from city congestion.,High,2,Bush-style campground close to Litchfield National Park waterfalls.,"Excellent base for exploring Florence Falls, Wangi Falls and the termite mounds.",May–Sep,-12.7,130.97,Stuart Highway,Sealed - All weather,No limit,$30-50,AAO Verified
79,Lee Point Caravan Park (Darwin),NT,Darwin,Darwin,Coastal,All caravans,Sealed access,Yes,Yes,Confirm,May–September,Paid,Long-stay Darwin base close to beaches and services.,High,1,Historic pub stop famous for the 'Charlie the Buffalo' story.,Good overnight stop south of Darwin on the Stuart Highway.,Apr–Oct,-12.33,130.9,Stuart Highway,Sealed - All weather,No limit,$40-60,AAO Verified
80,Litchfield Safari Camp,NT,Litchfield,Litchfield region,National Park region,Caravan friendly (check access),Sealed to main access,Yes,Confirm onsite,Confirm,May–September,Paid,Comfortable base to explore waterfalls and swimming holes.,High,2,Classic tiny outback stop with colourful characters and history.,Convenient overnight stop between Daly Waters and Elliott.,Apr–Oct,-13.23,130.78,Stuart Highway,Sealed - All weather,No limit,$30-50,AAO Verified
81,Adelaide River Inn Campground,NT,Top End,Adelaide River,Highway corridor,Caravan friendly,Sealed access,Yes,Limited – confirm,Yes,May–September,Paid,Reliable highway stop between Darwin and Katherine.,High,2,Small highway town often used as a rest stop along the Stuart Highway.,Handy overnight stop when travelling between Tennant Creek and Daly Waters.,Apr–Oct,-13.23,131.12,Stuart Highway,Sealed - All weather,No limit,$20-30,AAO Verified
82,Larrimah Pub Campground,NT,Barkly,Larrimah,Remote highway,Caravan friendly,Sealed access,Limited – confirm,None,Yes,May–September,Paid,Simple staging stop breaking long remote stretches.,Medium,3,Major outback fuel and rest stop at the junction of the Barkly Highway.,Reliable overnight stop before heading across the Barkly Tablelands.,Apr–Oct,-15.57,133.22,Stuart Highway,Sealed - All weather,No limit,$10-20,AAO Verified
83,Elliott Roadside Camp Area,NT,Barkly,Elliott,Remote highway,Caravan friendly,Sealed access,No potable,None,Yes,May–September,Free / Informal stop,Functional overnight break on long highway run.,Medium,3,Beautiful free camp beside the billabong just outside the Queensland border.,Popular peaceful stop when crossing between NT and QLD.,Apr–Oct,-17.55,133.53,Stuart Highway,Sealed - All weather,No limit,$10-20,AAO Verified
84,Barkly Homestead,NT,Barkly,Barkly Tableland,Remote highway,All caravans,Sealed access,Yes,Yes,Confirm,May–September,Paid,Reliable fuel and overnight base in remote corridor.,High,1,Free camping area near the historic abandoned uranium mining town.,Interesting outback stop with unique mining history.,Apr–Oct,-19.72,135.82,Barkly Highway,Sealed - All weather,No limit,$30-50,AAO Verified
85,Camooweal Billabong Camp Area,QLD,Gulf / Border corridor,Camooweal,Remote highway,Caravan friendly,Sealed access,Limited,None,Yes,May–September,Free,Scenic free camp near NT border.,Medium,3,Friendly park in a small outback town known for dinosaur fossils.,Great base to visit Kronosaurus Korner and explore the Dinosaur Trail.,Apr–Oct,-19.92,138.12,Barkly Highway,Unsealed - Good condition,No limit,Free,AAO Verified
86,Mary Kathleen (Old Township Area),QLD,Outback QLD,Cloncurry corridor,Remote / Inland,Caravan friendly (dry conditions preferred),Unsealed access,No potable,None,Yes,May–September,Free,Interesting historic mining site with open camping area.,Medium,3,Iconic outback pub known for great food and relaxed country hospitality.,Classic overnight stop in western Queensland.,Apr–Oct,-20.78,139.98,Barkly Highway,Unsealed - Good condition,No limit,Free,AAO Verified
87,Richmond Caravan Park,QLD,Outback QLD,Richmond,Inland,All caravans,Sealed access,Yes,Yes,Confirm,April–September,Paid,Practical dinosaur-trail staging stop.,High,2,Historic gold rush town with plenty of heritage buildings.,Good base for exploring Charters Towers' mining history.,Apr–Oct,-20.73,143.13,Flinders Highway,Sealed - All weather,No limit,$30-50,AAO Verified
88,Prairie Hotel Free Camp Area,QLD,Outback QLD,Prairie,Inland,Caravan friendly,Sealed access,Limited,None,Yes,April–September,Free,Simple overnight stop on quiet inland run.,Medium,3,Low-cost camping beside a peaceful inland dam.,Popular local fishing and relaxing stop near Clermont.,Apr–Oct,-20.87,141.87,Flinders Highway,Sealed - All weather,No limit,$20-30,AAO Verified
89,Charters Towers Caravan Park,QLD,North QLD Inland,Charters Towers,Inland,All caravans,Sealed access,Yes,Yes,Confirm,April–September,Paid,Historic town base before coastal or inland push.,High,2,Simple free camp used by travellers passing through central Queensland.,Handy overnight stop between inland Queensland towns.,Apr–Oct,-20.07,146.27,Flinders Highway,Sealed - All weather,No limit,$30-50,AAO Verified
90,Theresa Creek Dam,QLD,Central QLD Inland,Clermont,Inland,Caravan friendly,Sealed access,Limited potable – confirm,None,Yes,April–September,Low-cost,Quiet inland reset stop away from highways.,Medium,3,,,,-22.75,147.63,Gregory Highway,Sealed - All weather,No limit,$10-20,AAO Verified
91,Moura Rotary Park Free Camp,QLD,Central QLD,Moura,Inland,Caravan friendly,Sealed access,Limited,Nearby town,Yes,All year,Free,Convenient overnight stop on inland corridor.,Medium,3,,,,-24.57,149.97,Dawson Highway,Sealed - All weather,No limit,Free,AAO Verified
92,Hidden Gold Homestead (Moffatdale),QLD,South Burnett,Moffatdale,Inland / Rural,Caravan friendly (check access conditions),"Sealed to area, possible unsealed final approach",Limited – confirm onsite,Nearby town facilities,Confirm,April–October,Low-cost / Farm stay,Quiet country stay near wineries with relaxed rural setting.,High,2,Peaceful rural stay in the South Burnett wine region surrounded by vineyards and rolling countryside.,Great base for exploring Moffatdale wineries and nearby Bjelke-Petersen Dam.,Apr–Oct,-26.05,151.93,Burnett Highway,Unsealed final approach,Check conditions,$20-30,AAO Verified
93,Stanthorpe Showgrounds,QLD,Granite Belt,Stanthorpe,Inland / Cool climate,Caravan friendly (large rigs suitable),Sealed access,Yes (confirm potable),Stanthorpe town,Yes (confirm local conditions),September–May (cool winters),Low-cost / Showgrounds,Practical Granite Belt base close to town and national parks.,High,2,Spacious camping area within walking distance of town.,"Good base to explore the Granite Belt wineries, national parks and local produce.",Mar–Nov,-28.65,151.93,New England Highway,Sealed - All weather,No limit,$10-20,AAO Verified
94,Dumaresq Dam Free Camp (Armidale),NSW,New England,Armidale,Inland / Tablelands,Caravan friendly (check weather conditions),Sealed access,No potable water,Armidale town,Yes,September–April (cold winters),Free,Quiet lakeside overnight stop near Armidale.,Medium,3,Quiet lakeside camping area just outside Armidale.,Peaceful overnight stop with water views and good space for caravans.,Oct–Apr,-30.52,151.65,New England Highway,Sealed - All weather,No limit,Free,AAO Verified
95,Sunrise Cutting Horses Camp (Tamworth Area),NSW,New England,Tamworth,Inland,Caravan friendly,Unsealed rural access,Limited – confirm,Tamworth town,Confirm,All year,Low-cost / Farm style,Peaceful rural setting close to Tamworth services.,Medium,3,Rural farm stay with plenty of open space and a relaxed country atmosphere.,Good base for exploring Tamworth and the surrounding countryside.,Sep–May,-31.08,150.92,New England Highway,Unsealed rural access,Check conditions,$10-20,AAO Verified
96,Wellington Riverside Caravan Park (Off-grid Sites),NSW,Central West,Wellington,Inland / River corridor,Caravan friendly,Sealed access,Yes,Yes,Confirm,All year,Paid / Off-grid option,Riverside stop with flexibility for off-grid style stays.,High,2,Peaceful riverside camping area with off-grid sites along the Macquarie River.,Relaxing overnight stop near Wellington and the Wellington Caves.,Sep–May,-32.55,148.95,Mitchell Highway,Sealed - All weather,No limit,$30-50,AAO Verified
97,Ingenia Holiday Park Wagga Wagga,NSW,Riverina,Wagga Wagga,Inland,All caravans,Sealed access,Yes,Yes,Confirm on booking,All year,Paid,Comfortable service reset stop in major regional centre.,High,2,Well-equipped park close to town with good facilities.,Great base for exploring Wagga Wagga and the Riverina region.,Sep–May,-35.12,147.37,Sturt Highway,Sealed - All weather,No limit,$30-50,AAO Verified
98,Tocumwal Town Beach Camp Area,NSW,Riverina / Murray River,Tocumwal,Inland / River corridor,Caravan friendly,Sealed access,Limited – confirm,Tocumwal town,Yes,September–April,Low-cost / Off-grid,Relaxed Murray River camping with town access nearby.,High,2,Popular low-cost camping area beside the Murray River.,"Beautiful riverside stop ideal for relaxing, fishing and river walks.",Sep–May,-35.81,145.57,Murray Valley Highway,Sealed - All weather,No limit,$10-20,AAO Verified
99,Pental Island Holiday Park,VIC,Murray River,Swan Hill,Inland / River corridor,Caravan friendly,Sealed access,Yes,Yes,Confirm on booking,September–May,Paid,Quiet Murray River base with relaxed long-stay feel.,High,2,Peaceful riverside park on the Murray River surrounded by bushland.,Relaxing stop near Swan Hill with good fishing and river access.,Sep–May,-35.35,143.55,Murray Valley Highway,Sealed - All weather,No limit,$30-50,AAO Verified
100,Apex RiverBeach Holiday Park (Mildura),VIC,Murray River,Mildura,Inland / River corridor,All caravans,Sealed access,Yes,Yes,Confirm,All year (hot summers),Paid,Strong riverside location close to town facilities.,High,2,Large shady park close to the Murray River and Mildura town centre.,Good base for exploring the Sunraysia region and river attractions.,Mar–Nov,-34.18,142.15,Calder Highway,Sealed - All weather,No limit,$30-50,AAO Verified
101,Echo Holiday Parks Renmark,SA,Riverland,Renmark,Inland / River corridor,All caravans,Sealed access,Yes,Yes,Confirm,All year,Paid,Comfortable long-stay Riverland base.,High,2,Well located park beside the Murray River with plenty of space.,Great base for exploring the Riverland wineries and river towns.,Mar–Nov,-34.18,140.75,Sturt Highway,Sealed - All weather,No limit,$30-50,AAO Verified
102,Clare Valley Caravan Park,SA,Clare Valley,Clare,Inland / Wine region,All caravans,Sealed access,Yes,Yes,Confirm,All year,Paid,Central base for wineries and cycling trails.,High,2,Peaceful park right in the heart of the Clare Valley wine region.,Perfect base for cycling the Riesling Trail and visiting wineries.,Mar–Nov,-33.83,138.6,Main North Road,Sealed - All weather,No limit,$30-50,AAO Verified
103,Discovery Parks Tanunda,SA,Barossa,Tanunda,Inland,All caravans,Sealed access,Yes,Yes,Confirm,All year,Paid,Premium Barossa location for extended stay.,High,1,Well-equipped park in the centre of the Barossa Valley.,Excellent base for exploring Barossa wineries and food experiences.,Mar–Nov,-34.52,138.97,Barossa Valley Way,Sealed - All weather,No limit,$40-60,AAO Verified
104,Christies Beach Tourist Park,SA,Fleurieu Peninsula,Christies Beach,Coastal,All caravans,Sealed access,Yes,Yes,Confirm on booking,September–April,Paid,Easy Adelaide coastal base with strong facilities.,High,2,Beachfront park south of Adelaide with easy coastal access.,Relaxed coastal stay close to Adelaide and the Fleurieu Peninsula.,Oct–Apr,-35.13,138.5,Southern Expressway,Sealed - All weather,No limit,$30-50,AAO Verified
105,McLaren Vale Lakeside Caravan Park,SA,Fleurieu Peninsula,McLaren Vale,Coastal / Wine region,All caravans,Sealed access,Yes,Yes,Confirm,All year,Paid,Excellent base for wineries and coastal access.,High,2,Small relaxed park surrounded by wineries and vineyards.,Great base to explore McLaren Vale wine region and nearby beaches.,Mar–Nov,-35.22,138.55,Main South Road,Sealed - All weather,No limit,$30-50,AAO Verified
106,Gulfhaven Caravan Park,SA,Upper Spencer Gulf,Port Pirie,Coastal / Highway corridor,Caravan friendly,Sealed access,Yes,Yes,Confirm,April–October,Paid,Practical stop between Adelaide and Eyre Peninsula.,Medium,3,Historic port town with caravan facilities close to the waterfront.,Good stop when travelling between the Yorke Peninsula and Flinders Ranges.,Apr–Oct,-34.05,137.88,Spencer Highway,Sealed - All weather,No limit,$30-50,AAO Verified
107,Port Broughton Caravan Park,SA,Upper Spencer Gulf,Port Broughton,Coastal,All caravans,Sealed access,Yes,Yes,Confirm,September–April,Paid,Relaxed fishing town coastal stop.,High,2,Popular seaside park near the long jetty and calm waters.,Great fishing town and relaxed coastal stop.,Apr–Oct,-33.6,137.93,Yorke Highway,Sealed - All weather,No limit,$30-50,AAO Verified
108,Whyalla G'day Park,SA,Eyre Peninsula,Whyalla,Coastal,All caravans,Sealed access,Yes,Yes,Confirm,April–October,Paid,Reliable service base before heading deeper into EP.,High,2,Well-equipped park in the coastal steel town of Whyalla.,Good base for exploring the Upper Spencer Gulf region.,Apr–Oct,-33.03,137.52,Lincoln Highway,Sealed - All weather,No limit,$30-50,AAO Verified
109,Cowell RV Park,SA,Eyre Peninsula,Cowell,Coastal,Caravan friendly,Sealed access,Limited potable – confirm,Yes,Yes,September–April,Low-cost,Affordable coastal stop on EP loop.,High,2,Low-cost RV stop near the waterfront in a quiet fishing town.,Convenient stop when travelling the Eyre Peninsula.,Apr–Oct,-33.68,136.92,Lincoln Highway,Sealed - All weather,No limit,$10-20,AAO Verified
110,Port Lincoln Tourist Park (North Shields),SA,Eyre Peninsula,Port Lincoln,Coastal,All caravans,Sealed access,Yes,Yes,Confirm,September–April,Paid,Excellent long-stay base for Lincoln region.,High,1,Waterfront park overlooking Boston Bay.,"Great base for exploring Port Lincoln, seafood experiences and the Eyre Peninsula.",Oct–Apr,-34.73,135.85,Lincoln Highway,Sealed - All weather,No limit,$30-50,AAO Verified
111,Tumby Bay Caravan Park,SA,Eyre Peninsula,Tumby Bay,Coastal,All caravans,Sealed access,Yes,Yes,Confirm,September–April,Paid,Strong beachfront base with relaxed atmosphere.,High,2,Friendly seaside town known for its colourful street art silos and long jetty.,Relaxed coastal stop along the Eyre Peninsula.,Oct–Apr,-34.37,136.08,Flinders Highway,Sealed - All weather,No limit,$30-50,AAO Verified
112,Billy Lights Point Boat Ramp Camp Area,SA,Eyre Peninsula,Port Lincoln,Coastal,Caravan friendly,Unsealed access,No potable,Port Lincoln,Yes,September–April,Free,Scenic low-cost coastal option near Lincoln.,Medium,3,Simple free camp near the boat ramp with beautiful coastal views.,Quiet overnight stop along the Eyre Peninsula.,Apr–Oct,-34.58,135.95,Lincoln Highway,Unsealed final approach,Check conditions,Free,AAO Verified
113,Coffin Bay Caravan Park,SA,Eyre Peninsula,Coffin Bay,Coastal,All caravans,Sealed access,Yes,Yes,Confirm,September–April,Paid,Premium coastal location near national park and oysters.,High,1,Waterfront camping in the famous oyster capital of Australia.,Great base for exploring Coffin Bay National Park and seafood experiences.,Oct–Apr,-34.63,135.48,Flinders Highway,Sealed - All weather,No limit,$30-50,AAO Verified
114,Whiting Shoal Camp Area (Sheringa),SA,Eyre Peninsula,Sheringa,Coastal,Caravan friendly (check access conditions),Unsealed access,No potable,Nearby town,Yes,September–April,Low-cost,Quiet coastal escape away from major towns.,Medium,3,Quiet coastal camping area with beautiful ocean views.,Peaceful fishing and beach stop along the Eyre Peninsula.,Apr–Oct,-34.55,135.38,Flinders Highway,Unsealed - Good condition,Check conditions,Free,AAO Verified
115,Venus Bay Caravan Park,SA,Eyre Peninsula,Venus Bay,Coastal,Caravan friendly,Sealed access,Yes,Yes,Confirm,September–April,Paid,Good coastal stop on western EP route.,High,2,Small seaside town known for fishing and calm sheltered waters.,Relaxed coastal stop along the western Eyre Peninsula.,Apr–Oct,-33.22,134.67,Eyre Highway,Unsealed final approach,Check conditions,$20-30,AAO Verified
116,Smoky Bay Caravan Park,SA,Eyre Peninsula,Smoky Bay,Coastal,Caravan friendly,Sealed access,Yes,Yes,Confirm,September–April,Paid,Quiet fishing town with relaxed coastal setting.,High,2,Quiet oyster farming town overlooking the Great Australian Bight.,Great seafood stop and relaxing coastal camp.,Apr–Oct,-32.37,133.93,Eyre Highway,Sealed - All weather,No limit,$20-30,AAO Verified
117,Kimba RV Park,SA,Eyre Peninsula / Highway corridor,Kimba,Inland / Highway,Caravan friendly,Sealed access,Limited potable – confirm,Yes,Yes,April–October,Low-cost,Practical stop when crossing EP inland.,Medium,3,Convenient RV stop in the town known as the halfway point across Australia.,Good overnight stop when travelling the Eyre Highway.,Apr–Oct,-33.15,135.77,Eyre Highway,Sealed - All weather,No limit,$10-20,AAO Verified
118,Rawnsley Park Station,SA,Flinders Ranges,Hawker,Inland / Outback,All caravans,Sealed access,Yes,Yes,Confirm,April–October,Paid / Station stay,Premium Flinders base with strong scenery and facilities.,High,1,Beautiful station stay with spectacular Flinders Ranges scenery.,Fantastic base for exploring Wilpena Pound and surrounding ranges.,Apr–Oct,-31.62,138.57,Flinders Ranges,Unsealed - Good condition,Check conditions,$30-50,AAO Verified
119,Parachilna Caravan Park,SA,Flinders Ranges,Parachilna,Inland / Outback,Caravan friendly,Sealed access,Limited – confirm,None,Confirm,April–October,Paid,Classic outback pub stop in Flinders region.,Medium,2,Tiny outback settlement famous for the Prairie Hotel.,Classic Flinders Ranges stop with great outback atmosphere.,Apr–Oct,-31.13,138.4,Flinders Ranges,Sealed - All weather,No limit,$20-30,AAO Verified
120,Peterborough Pub Camping,SA,Mid-North,Peterborough,Inland,Caravan friendly,Sealed access,Limited – confirm,Nearby town,Confirm,All year,Low-cost,Practical overnight stop when crossing SA inland.,Medium,3,Historic railway town pub offering overnight stops for travellers.,Good overnight stop between the Flinders Ranges and Broken Hill.,Apr–Oct,-32.97,138.83,Barrier Highway,Sealed - All weather,No limit,$20-30,AAO Verified
121,Broken Hill Racecourse,NSW,Far West NSW,Broken Hill,Inland / Outback,Caravan friendly,Sealed access,Yes,Yes,Yes,April–October,Low-cost,Reliable long-stay base in Broken Hill.,High,2,Large camping area near the historic mining town of Broken Hill.,"Great base for exploring Broken Hill's art, history and desert landscapes.",Apr–Oct,-31.96,141.45,Barrier Highway,Sealed - All weather,No limit,$10-20,AAO Verified
122,Lake Pamamaroo Camp Area,NSW,Mungo / Outback NSW,Menindee,Remote,Caravan friendly (dry conditions preferred),Unsealed access,No potable,None,Yes,April–September,Free,Peaceful lakeside free camp in remote setting.,Medium,3,Peaceful lakeside camping within Kinchega National Park.,"Great spot for birdlife, sunsets and quiet outback camping.",Apr–Oct,-32.38,142.35,Silver City Highway,Unsealed - Good condition,Check conditions,$10-20,AAO Verified
123,Tol Tol Free Camp (Murray River Area),VIC,Murray River,Mildura corridor,Inland / River,Caravan friendly (check weather access),Unsealed access,No potable,Mildura town,Yes,September–April,Free,Quiet river free camp away from town crowds.,Medium,3,Simple bush camping area along the Murray River.,Peaceful free camp for travellers exploring the Sunraysia region.,Mar–Nov,-34.27,142.08,Murray Valley Highway,Unsealed - Good condition,Check conditions,Free,AAO Verified
124,Tooleybuc RV Park,NSW,Murray River,Tooleybuc,Inland / River corridor,Caravan friendly,Sealed access,Limited potable – confirm,Yes,Yes,September–April,Low-cost / RV Park,Quiet Murray River stop ideal for short overnight stays.,Medium,3,Low-cost riverside RV stop in a quiet Murray River town.,Good overnight stop when travelling along the Murray.,Sep–May,-35.02,143.34,Sturt Highway,Sealed - All weather,No limit,$10-20,AAO Verified
125,Minyip RV Park,VIC,Wimmera,Minyip,Inland,Caravan friendly,Sealed access,Limited potable – confirm,Yes,Yes,All year,Low-cost,Peaceful country town base with good value long stays.,Medium,3,Small country town stop in the Wimmera region.,Handy overnight stop when travelling through western Victoria.,Sep–May,-36.45,142.58,Sunraysia Highway,Sealed - All weather,No limit,$10-20,AAO Verified
126,"Lake Tyrrell / ""Kavina"" Area Camp",VIC,Mallee,Sea Lake corridor,Inland / Remote,Caravan friendly (dry conditions preferred),Unsealed access,No potable,Nearby town facilities,Yes,April–October,Free,Unique salt lake landscape ideal for photography.,Medium,3,,,,-35.68,142.83,Calder Highway,Unsealed - Dry weather,Check conditions,Free,AAO Verified
127,Murray Bridge Caravan Park,SA,Murraylands,Murray Bridge,Inland / River corridor,All caravans,Sealed access,Yes,Yes,Confirm on booking,All year,Paid,Reliable river-based stop east of Adelaide.,High,2,Major Murray River town with easy caravan access and river views.,Great base for exploring the Murraylands region.,Mar–Nov,-35.12,139.27,Princes Highway,Sealed - All weather,No limit,$30-50,AAO Verified
128,Port Pirie Caravan Park,SA,Upper Spencer Gulf,Port Pirie,Coastal / Highway corridor,All caravans,Sealed access,Yes,Yes,Confirm,April–October,Paid,Practical service stop before heading north or west.,High,2,,,,-33.18,138.02,Port Wakefield Road,Sealed - All weather,No limit,$30-50,AAO Verified
129,Wudinna Camp Area / RV Stop,SA,Eyre Peninsula Inland,Wudinna,Inland / Highway corridor,Caravan friendly,Sealed access,Limited potable – confirm,Yes,Yes,April–October,Low-cost,Good inland break before pushing toward Ceduna.,Medium,3,Coastal caravan park with beautiful views over the Great Australian Bight.,Great base before or after crossing the Nullarbor.,Apr–Oct,-33.05,135.47,Eyre Highway,Sealed - All weather,No limit,$10-20,AAO Verified
130,Shelly Beach Caravan Park (Ceduna),SA,Far West SA,Ceduna,Coastal,All caravans,Sealed access,Yes,Yes,Confirm,April–October,Paid,Excellent staging base before Nullarbor crossing.,High,1,Simple roadside overnight stop near one of the best whale-watching areas in Australia.,Convenient rest stop along the Nullarbor and close to the Head of Bight whale viewing platform.,May–Oct,-31.47,131.12,Eyre Highway,Sealed - All weather,No limit,Free,AAO Verified
131,Fowlers Bay Caravan Park,SA,Far West SA,Fowlers Bay,Remote / Coastal,Caravan friendly (dry conditions preferred),Unsealed final access,Limited potable – confirm,None,Yes,April–October,Paid,Remote coastal stay with dramatic scenery before WA border.,High,2,"Classic Nullarbor roadhouse stop with fuel, meals and basic overnight camping.",Reliable overnight stop when crossing the Nullarbor.,Apr–Oct,-31.98,132.43,Eyre Highway,Unsealed final approach,Check conditions,$30-50,AAO Verified
132,Head of Bight Rest Area Camp,SA,Nullarbor,Nullarbor corridor,Remote / Highway,Caravan friendly,Sealed access,No potable,None,Yes,May–September (whale season),Free / Rest area,Practical Nullarbor overnight with iconic coastline nearby.,Medium,3,Simple roadside bush camp often used by travellers crossing the Nullarbor.,Convenient overnight stop along the Eyre Highway.,Apr–Oct,-32.13,133.68,Eyre Highway,Sealed - All weather,No limit,$30-50,AAO Verified
133,Mundrabilla Roadhouse Campground,WA,Nullarbor,Mundrabilla,Remote / Highway,Caravan friendly,Sealed access,Limited – confirm,None,Confirm,April–October,Paid,Reliable Nullarbor overnight staging stop.,High,2,Historic sheep station offering peaceful bush camping and station stays.,Great stop between Norseman and the Nullarbor with a relaxed outback atmosphere.,Apr–Oct,-31.87,127.85,Eyre Highway,Sealed - All weather,No limit,$20-30,AAO Verified
134,Caiguna Area Free Camp,WA,Nullarbor,Caiguna,Remote / Highway,Caravan friendly,Sealed access,No potable,None,Yes,April–October,Free / Rest area,Practical overnight stop on long Nullarbor stretch.,Medium,3,Small outback town known as the gateway to Western Australia.,Useful resupply stop before heading toward the Goldfields or Nullarbor.,Apr–Oct,-32.27,125.48,Eyre Highway,Sealed - All weather,No limit,Free,AAO Verified
135,Fraser Range Station,WA,Goldfields,Norseman corridor,Remote / Inland,Caravan friendly (dry conditions preferred),Unsealed final access,Limited potable – confirm,None,Confirm,April–October,Paid / Station stay,Scenic bush station stop before pushing inland.,High,2,Well-equipped park close to the centre of Kalgoorlie.,Great base to explore the Goldfields history and the Super Pit.,Apr–Oct,-32.03,122.73,Eyre Highway,Unsealed final access,Check conditions,$30-50,AAO Verified
136,Norseman Caravan Park,WA,Goldfields,Norseman,Inland / Highway junction,All caravans,Sealed access,Yes,Yes,Confirm,April–October,Paid,Major crossroad before Kalgoorlie or Esperance routes.,High,2,Unique free camp beside the historic Gwalia mining museum.,Fascinating stop for goldfields history and heritage buildings.,Apr–Oct,-32.18,121.78,Eyre Highway,Sealed - All weather,No limit,$30-50,AAO Verified
137,Discovery Parks Kalgoorlie,WA,Goldfields,Kalgoorlie-Boulder,Inland,All caravans,Sealed access,Yes,Yes,Confirm,April–October,Paid,Strong long-stay service base in the Goldfields.,High,1,Historic gold mining town with a relaxed outback feel.,Good base for exploring local heritage sites and nearby rock formations.,Apr–Oct,-30.75,121.47,Great Eastern Highway,Sealed - All weather,No limit,$40-60,AAO Verified
138,Gwalia Museum Free Camp,WA,Goldfields,Leonora,Inland / Remote,Caravan friendly,Sealed access,Limited,None,Yes,April–October,Free,Historic mining town stop with space and quiet setting.,Medium,3,Classic Goldfields town with plenty of space for caravanners.,Good stop for exploring historic mining areas.,Apr–Oct,-28.97,121.63,Goldfields Highway,Sealed - All weather,No limit,Free,AAO Verified
139,Sandstone Caravan Park,WA,Mid West,Sandstone,Inland,Caravan friendly,Sealed access,Yes,Yes,Confirm,April–October,Paid,Reliable inland base for exploring remote tracks.,High,2,Large coastal city with beautiful waterfront and good facilities.,Great base for exploring the Coral Coast and Abrolhos Islands region.,Apr–Oct,-27.98,119.3,Goldfields Highway,Sealed - All weather,No limit,$30-50,AAO Verified
140,Mount Magnet Caravan Park,WA,Mid West,Mount Magnet,Inland,Caravan friendly,Sealed access,Yes,Yes,Confirm,April–October,Paid,Practical inland stop when heading north–south.,Medium,3,Relaxed coastal fishing town with beautiful ocean views.,Peaceful stop along the Coral Coast with great seafood and beaches.,Apr–Oct,-28.07,117.85,Great Northern Highway,Sealed - All weather,No limit,$30-50,AAO Verified
141,Geraldton Foreshore / CP Area,WA,Mid West Coast,Geraldton,Coastal,All caravans,Sealed access,Yes,Yes,Confirm,September–April,Paid,Strong coastal long-stay base with full services.,High,1,Quiet country town free camp popular with caravanners.,Handy overnight stop when travelling inland between Geraldton and Perth.,Apr–Oct,-28.78,114.62,Brand Highway,Sealed - All weather,No limit,$40-60,AAO Verified
142,Port Denison / Dongara CP Area,WA,Mid West Coast,Dongara / Port Denison,Coastal,Caravan friendly,Sealed access,Yes,Yes,Confirm,September–April,Paid,Relaxed fishing town coastal base.,High,2,Coastal town famous for its lobster fishing and access to the Pinnacles Desert.,Perfect base for visiting Nambung National Park.,Apr–Oct,-29.25,114.93,Brand Highway,Sealed - All weather,No limit,$30-50,AAO Verified
143,Three Springs RV Camp,WA,Mid West,Three Springs,Inland,Caravan friendly,Sealed access,Limited potable – confirm,Yes,Yes,All year,Free / Low-cost,Practical overnight stop inland.,Medium,3,Popular coastal town known for sand dunes and relaxed beach lifestyle.,"Great stop for sandboarding, fishing and coastal exploring.",Sep–May,-29.53,115.77,Midlands Road,Sealed - All weather,No limit,Free,AAO Verified
144,Cervantes Caravan Park,WA,Coral Coast,Cervantes,Coastal,All caravans,Sealed access,Yes,Yes,Confirm,September–April,Paid,Excellent base for Pinnacles and coastal access.,High,1,Well located park in Perth's wine region.,Great base for exploring Swan Valley wineries and Perth.,Sep–May,-30.5,115.07,Indian Ocean Drive,Sealed - All weather,No limit,$30-50,AAO Verified
145,Lancelin Caravan Park,WA,Coral Coast,Lancelin,Coastal,Caravan friendly,Sealed access,Yes,Yes,Confirm,September–April,Paid,Good coastal stop between Cervantes and Perth.,High,2,Peaceful park in one of Western Australia's oldest inland towns.,Great base to explore York's historic buildings and countryside.,Mar–Nov,-31.02,115.33,Indian Ocean Drive,Sealed - All weather,No limit,$30-50,AAO Verified
146,Discovery Parks Swan Valley,WA,Perth,Swan Valley,Metro fringe,All caravans,Sealed access,Yes,Yes,Confirm,All year,Paid,Convenient base near Perth without CBD congestion.,High,2,Beautiful coastal city south of Perth known for its waterways and dolphins.,Great base for relaxing by the coast and exploring the Peel region.,Sep–May,-31.85,116.02,Great Northern Highway,Sealed - All weather,No limit,$40-60,AAO Verified
147,York Starry Skies Caravan Park,WA,Wheatbelt,York,Inland,Caravan friendly,Sealed access,Yes,Yes,Confirm,All year,Paid,Good Wheatbelt base with heritage town access.,High,2,Peaceful park in one of Western Australia's oldest inland towns.,Great base to explore York's historic buildings and countryside.,Mar–Nov,-31.88,116.77,Great Southern Highway,Sealed - All weather,No limit,$30-50,AAO Verified
148,Mandurah Foreshore / CP Area,WA,Peel,Mandurah,Coastal,All caravans,Sealed access,Yes,Yes,Confirm,All year,Paid,Strong coastal base south of Perth.,High,2,Beautiful coastal city south of Perth known for its waterways and dolphins.,Great base for relaxing by the coast and exploring the Peel region.,Sep–May,-32.53,115.73,Forrest Highway,Sealed - All weather,No limit,$40-60,AAO Verified
149,Discovery Parks Bunbury Foreshore,WA,South West,Bunbury,Coastal,All caravans,Sealed access,Yes,Yes,Confirm,All year,Paid,Excellent service stop in South West corridor.,High,2,Prime waterfront location overlooking Koombana Bay.,"Great base for exploring Bunbury's waterfront, dolphin centre and nearby beaches.",Sep–May,-33.33,115.65,Forrest Highway,Sealed - All weather,No limit,$40-60,AAO Verified
150,Four Seasons Holiday Park Busselton,WA,South West,Busselton,Coastal,All caravans,Sealed access,Yes,Yes,Confirm,All year,Paid,Strong Busselton base with beach access.,High,2,Quiet park just outside Busselton surrounded by bushland.,Good base for exploring Busselton Jetty and the Margaret River region.,Sep–May,-33.65,115.35,Bussell Highway,Sealed - All weather,No limit,$40-60,AAO Verified
151,Big Valley Campsite (Margaret River),WA,Margaret River,Margaret River,Coastal / Wine region,Caravan friendly,Sealed access,Yes,Limited – confirm,Confirm,All year,Low-cost,Spacious rural-style base for extended Margs stays.,High,1,One of the most popular farm-style camps in the region with plenty of space.,"Great location for exploring Margaret River wineries, beaches and caves.",Sep–May,-33.95,115.07,Bussell Highway,Sealed - All weather,No limit,$20-30,AAO Verified
152,Turner Holiday Park (Augusta),WA,South West,Augusta,Coastal,All caravans,Sealed access,Yes,Yes,Confirm,September–April,Paid,Strong coastal base near Cape Leeuwin.,High,2,Peaceful park close to the river and town centre.,Great base to explore Cape Leeuwin and the southern coast.,Sep–May,-34.32,115.15,Bussell Highway,Sealed - All weather,No limit,$30-50,AAO Verified
153,Big Brook Arboretum Campground,WA,Pemberton,Pemberton,Inland / Forest,Caravan friendly (check site size),Sealed access,Limited,Pemberton town,Confirm,September–May,Low-cost,Peaceful forest setting near walking trails.,High,2,Beautiful forest campground beside a freshwater swimming lake.,Great base for exploring Pemberton forests and walking trails.,Oct–Apr,-34.43,116.03,South Western Highway,Sealed - All weather,Check size limits,$10-20,AAO Verified
154,Porongurup Caravan Park,WA,Great Southern,Porongurup,Inland / Scenic,Caravan friendly,Sealed access,Yes,Limited – confirm,Confirm,September–May,Paid,Great base for Granite Skywalk and wineries.,High,2,Small friendly park nestled beneath the Porongurup Range.,Excellent base for hiking the Porongurup National Park and visiting local wineries.,Sep–May,-34.67,117.88,South Coast Highway,Sealed - All weather,No limit,$30-50,AAO Verified
155,Happy Valley Caravan Park (Albany),WA,Great Southern,Albany,Coastal,All caravans,Sealed access,Yes,Yes,Confirm,September–April,Paid,Reliable Albany coastal base.,High,2,Large well-equipped park close to Albany's beaches and attractions.,"Great base for exploring Albany's coastline, history and national parks.",Sep–May,-35.02,117.88,South Coast Highway,Sealed - All weather,No limit,$40-60,AAO Verified
156,Tozer's Bush Camp (Bremer Bay Region),WA,Great Southern,Bremer Bay,Coastal / Rural,Caravan friendly (check access),Unsealed rural access,Limited,Bremer Bay,Confirm,September–April,Low-cost,Quiet bush base near Bremer coastline.,High,2,Spacious bush camp surrounded by farmland and natural bush.,Great base for exploring Bremer Bay and the Fitzgerald Coast.,Sep–May,-34.38,119.37,South Coast Highway,Unsealed rural access,Check conditions,$20-30,AAO Verified
157,Ravesthorpe RV Park,WA,Great Southern,Ravesthorpe,Inland,Caravan friendly,Sealed access,Limited potable – confirm,Yes,Yes,All year,Free / Low-cost,Practical overnight stop before Esperance corridor.,Medium,3,Simple RV stop in a quiet country town.,Handy overnight stop when travelling between Esperance and Albany.,Sep–May,-33.58,120.05,South Coast Highway,Sealed - All weather,No limit,$10-20,AAO Verified
158,Esperance Pink Lake Tourist Park,WA,Esperance,Esperance,Coastal,All caravans,Sealed access,Yes,Yes,Confirm,September–April,Paid,Strong long-stay base for Esperance beaches.,High,1,Well-located park close to Esperance town and the famous beaches.,Excellent base for exploring Cape Le Grand National Park.,Oct–Apr,-33.87,121.88,South Coast Highway,Sealed - All weather,No limit,$40-60,AAO Verified
159,Beverley Caravan Park,WA,Wheatbelt,Beverley,Inland,Caravan friendly,Sealed access,Yes,Yes,Confirm,All year,Paid,Quiet Wheatbelt town base.,Medium,3,Friendly small park in a historic Wheatbelt town.,Great base for exploring Beverley's heritage buildings and countryside.,Mar–Nov,-32.1,116.93,Great Southern Highway,Sealed - All weather,No limit,$30-50,AAO Verified
160,Northam RV Park,WA,Wheatbelt,Northam,Inland,Caravan friendly,Sealed access,Limited potable – confirm,Yes,Yes,All year,Free / Low-cost,Practical overnight stop near Perth corridor.,Medium,3,Riverside RV stop close to the centre of Northam.,Convenient stop when travelling through the Avon Valley region.,Mar–Nov,-31.65,116.67,Great Eastern Highway,Sealed - All weather,No limit,Free,AAO Verified